Workbook

Sheet Übersicht
A1: Geratene R+F-Zuordnungen
A2: 91 GUT-Artikel, deren R+F-Entsprechung per Textsuche bestimmt wurde und nicht durch Rechnung, Lagerauszug oder Entscheidung belegt ist.
A3: Stand 13.09.2026 · Weich Energie · Aufmaß-Projekt
A5: So wird die Liste ausgefüllt
A6: Im Blatt „Zuordnungen“ sind nur die beiden gelben Spalten zu füllen:
A7: Spalte L „richtige R+F-Nummer“ die Artikelnummer, die stattdessen gilt
A8: Spalte M „Bemerkung“ etwa „wird nicht mehr verbaut“ oder „Preis prüfen“
A9: Alle übrigen Spalten bitte stehen lassen, sie sind die Grundlage für den Abgleich.
A11: Spalte K sagt, ob der zugeordnete R+F-Artikel überhaupt im Lagerauszug steht.
A12: Steht dort „nein“, lässt sich der Preis an nichts prüfen — dort lagen alle
A13: schweren Fehler, die bisher gefunden wurden.
A15: Beispielzeile
A16: GUT-Nummer | B16: richtige R+F-Nummer | C16: Bemerkung
A17: POVUS3525A | B17: 7020900559045 | C17: Prestabo läuft aus, Preis vom 28er übernommen
A18: Nur ein Beispiel für das Format — diese Zeile bitte nicht übertragen.
A21: Nach Kategorie
A22: Kategorie | B22: Artikel | C22: Warenwert | D22: davon ohne Regal-Gegenstück
A23: daemmung | B23: =COUNTIF(Zuordnungen!$A$2:$A$92,$A23) -> 10 | C23: =SUMIF(Zuordnungen!$A$2:$A$92,$A23,Zuordnungen!$H$2:$H$92) -> 2476 | D23: =COUNTIFS(Zuordnungen!$A$2:$A$92,$A23,Zuordnungen!$K$2:$K$92,"nein") -> 10
A24: formteil | B24: =COUNTIF(Zuordnungen!$A$2:$A$92,$A24) -> 44 | C24: =SUMIF(Zuordnungen!$A$2:$A$92,$A24,Zuordnungen!$H$2:$H$92) -> 4625 | D24: =COUNTIFS(Zuordnungen!$A$2:$A$92,$A24,Zuordnungen!$K$2:$K$92,"nein") -> 29
A25: rohr | B25: =COUNTIF(Zuordnungen!$A$2:$A$92,$A25) -> 7 | C25: =SUMIF(Zuordnungen!$A$2:$A$92,$A25,Zuordnungen!$H$2:$H$92) -> 1996 | D25: =COUNTIFS(Zuordnungen!$A$2:$A$92,$A25,Zuordnungen!$K$2:$K$92,"nein") -> 6
A26: schelle_zubehoer | B26: =COUNTIF(Zuordnungen!$A$2:$A$92,$A26) -> 2 | C26: =SUMIF(Zuordnungen!$A$2:$A$92,$A26,Zuordnungen!$H$2:$H$92) -> 82 | D26: =COUNTIFS(Zuordnungen!$A$2:$A$92,$A26,Zuordnungen!$K$2:$K$92,"nein") -> 2
A27: sonstiges | B27: =COUNTIF(Zuordnungen!$A$2:$A$92,$A27) -> 7 | C27: =SUMIF(Zuordnungen!$A$2:$A$92,$A27,Zuordnungen!$H$2:$H$92) -> 1245 | D27: =COUNTIFS(Zuordnungen!$A$2:$A$92,$A27,Zuordnungen!$K$2:$K$92,"nein") -> 6
A28: ungeklaert | B28: =COUNTIF(Zuordnungen!$A$2:$A$92,$A28) -> 14 | C28: =SUMIF(Zuordnungen!$A$2:$A$92,$A28,Zuordnungen!$H$2:$H$92) -> 680 | D28: =COUNTIFS(Zuordnungen!$A$2:$A$92,$A28,Zuordnungen!$K$2:$K$92,"nein") -> 14
A29: ventil | B29: =COUNTIF(Zuordnungen!$A$2:$A$92,$A29) -> 7 | C29: =SUMIF(Zuordnungen!$A$2:$A$92,$A29,Zuordnungen!$H$2:$H$92) -> 4879 | D29: =COUNTIFS(Zuordnungen!$A$2:$A$92,$A29,Zuordnungen!$K$2:$K$92,"nein") -> 6
A30: Summe | B30: =SUM(B23:B29) -> 91 | C30: =SUM(C23:C29) -> 15983 | D30: =SUM(D23:D29) -> 73

Sheet Zuordnungen
A1: Kategorie | B1: Formteil-Gruppe | C1: GUT-Nummer | D1: Bezeichnung | E1: Zusatz | F1: Menge | G1: zugeordneter EK | H1: Warenwert | I1: zugeordnete R+F-Nr | J1: R+F-Bezeichnung | K1: R+F im Lagerauszug | L1: richtige R+F-Nummer | M1: Bemerkung
A2: daemmung | C2: CLALUEND20SW | D2: Position gesperrt. Alu Endmanschettenband 20mm | E2: schwarz Rolle a 10m | F2: 0 | G2: 21.13 | I2: 1005060441030 | K2: nein
A3: daemmung | C3: CLALUEND30 | D3: Position gesperrt. Alu Endmanschettenband 30mm | E3: blank Rolle a 10m | F3: 0 | G3: 24.75 | I3: 1005060450030 | K3: nein
A4: ventil | C4: KHHM2532IVFGP | D4: Kugelhahn 1" x 1 1/4" mit Überwurfmutter | E4: und Plombierungsbohrung | F4: 91 | G4: 17.57 | H4: 3440 | I4: 1036285300000 | J4: WESA-Kugelhahn aus Pressmessing, PN 32, vernickelt, IG/Ü | K4: ja
A5: rohr | C5: CUS3512 | D5: Kupferrohr Sanco-DVGW EN 1057 35 x 1.2mm | E5: hart in Stangen R290 | F5: 60 | G5: 20.62 | H5: 1291 | I5: 1011960350012 | K5: nein
A6: daemmung | C6: COFALUK50 | D6: Alu-Klebeband CONEL 50mm breit | E6: Rolle a 100m | F6: 91 | G6: 11.7 | H6: 1206 | I6: 1005510050000 | K6: nein
A7: ventil | C7: KHDVGW15D | D7: KFE-Hahn DVGW-Ausführung 1/2" Durchgang | E7: vernickelt ohne Schlauchverschraubung | F7: 98 | G7: 10.43 | H7: 1070 | I7: 0000101130353 | K7: nein
A8: formteil | B8: rotguss-gewinde / 1" und groesser / gewinde | C8: 31302515 | D8: T-Stueck Rotguss 1"x 1/2"x 1" | E8: 3130 | F8: 68 | G8: 2.91 | H8: 910 | I8: 0000100322858 | K8: nein
A9: formteil | B9: rotguss-gewinde / 1" und groesser / gewinde | C9: 35302510R | D9: Langnippel Rotguss | E9: 1" x 100mm 3530 | F9: 59 | G9: 4.96 | H9: 600 | I9: 1014036110000 | J9: Doppelnippel aus RG/CuSi blank DN 15 (R 1/2) x 100 mm, M | K9: ja
A10: formteil | B10: connect-inox / 35mm und groesser / gewinde | C10: COCIUS3525ANL | D10: CONNECT INOX HEAT Übergangsstück | E10: 35 x 1" AG 1.4307 CONEL | F10: 56 | G10: 6.92 | H10: 486 | I10: 7085472283000 | J10: OptiSteel simplesta SH V Übergangsstück AG, d = 28 x R 1 | K10: ja
A11: daemmung | C11: COFW3530 | D11: CONEL FLEX WOOL Isolierschale, 100% | E11: 35x33mm, mit alukaschierter Folie, 1m | F11: 73 | G11: 2.02 | H11: 446 | I11: 1029988999086 | K11: nein
A12: sonstiges | C12: KV3390100L | D12: Flachheizkörper Kermi Profil V-Kompakt | E12: Typ 33 links 900x1000mm lackiert | F12: 1 | G12: 804.31 | H12: 432 | I12: 7089033809100 | K12: nein
A13: daemmung | C13: RORS8003520 | D13: Rohrschale 800 1000mm lang 35/20mm | E13: nach GEG 50% | F13: 71 | G13: 12.69 | H13: 375 | I13: 1005520054050 | K13: nein
A14: sonstiges | C14: 333132 | D14: Verschraubung Rotguss i/a 1 1/4" | E14: flachdichtend 3331 | F14: 8 | G14: 21.27 | H14: 332 | I14: 1014048300000 | J14: Rohrverschraubung aus RG/CuSi Nr.3331 R 1, flachdichtend | K14: ja
A15: rohr | C15: POVR35 | D15: Prestabo-Rohr 35 x 1,5 mm, Stange a 6m | E15: Stahl unlegiert, außen verzinkt | F15: 78 | G15: 5.54 | H15: 318 | I15: 7020900559496 | K15: nein
A16: formteil | B16: uponor-mlc / ohne Mass / gewinde | C16: UCUEK2522N | D16: Übergang Uponor auf Kupfer S-Press PLUS | E16: MLC U 25 x 22 Cu zum Pressen | F16: 26 | G16: 9.54 | H16: 316 | I16: 1029201070617 | J16: Uponor Übergang auf Kupfer S-Press PLUS 20-22CU | K16: ja
A17: sonstiges | C17: KV336080L | D17: Flachheizkörper Kermi Profil V-Kompakt | E17: Typ 33 links 600x 800mm lackiert | F17: 1 | G17: 610.23 | H17: 252 | I17: 0000100323437 | K17: nein
A18: formteil | B18: prestabo-stahl / 35mm und groesser / presse | C18: POVRS3522 | D18: Prestabo-Reduzierstück 35 x 22mm | E18: Stahl unlegiert,verzinkt, Einsteckende | F18: 74 | G18: 9.74 | H18: 239 | I18: 7020900558765 | K18: nein
A19: ventil | C19: ESSM661 | D19: ESBE ARA661 Stellmotor 3-Punkt 230V AC | E19: Laufzeit 90° 120s | F19: 2 | G19: 164.42 | H19: 222 | I19: 7076110095120 | K19: nein
A20: formteil | B20: connect-inox / 35mm und groesser / presse | C20: COCIT3515NL | D20: CONNECT INOX HEAT T-Stück 35x15x35mm | E20: 1.4307 CONEL | F20: 30 | G20: 14.55 | H20: 218 | I20: 7085929351000 | K20: nein
A21: formteil | B21: rotguss-gewinde / 1" und groesser / gewinde | C21: 35302015R | D21: Langnippel Rotguss | E21: 3/4" x 150mm 3530 | F21: 18 | G21: 13.44 | H21: 195 | I21: 1014036315000 | K21: nein
A22: sonstiges | C22: KV229040L | D22: Flachheizkörper Kermi Profil V-Kompakt | E22: Typ 22 links 900x 400mm lackiert | F22: 1 | G22: 332.1 | H22: 169 | I22: 7089022809040 | K22: nein
A23: rohr | C23: CUS22H | D23: Kupferrohr Sanco-DVGW EN 1057 22 x 1.0mm | E23: halbhart in Stangen R250 | F23: 15 | G23: 10.43 | H23: 167 | I23: 1011960220000 | K23: nein
A24: ungeklaert | C24: SSPT50 | D24: Siphon mit Leckwassertrichter DN 50 | E24: mit Wandhalterung, aus Kunststoff | F24: 37 | G24: 9.55 | H24: 164 | I24: 3059050000000 | K24: nein
A25: formteil | B25: rotguss-gewinde / 1" und groesser / gewinde | C25: 35302010R | D25: Langnippel Rotguss 3/4" x 100mm | E25: 3530 | F25: 24 | G25: 4.96 | H25: 160 | I25: 1014036110000 | J25: Doppelnippel aus RG/CuSi blank DN 15 (R 1/2) x 100 mm, M | K25: ja
A26: formteil | B26: gewinde-schwarz / 1" und groesser / gewinde | C26: NIPS256 | D26: Rohrdoppelnippel Nr.23 1" x 60mm | E26: schwarz | F26: 119 | G26: 1.01 | H26: 155 | I26: 0000100322582 | K26: nein
A27: formteil | B27: prestabo-stahl / 35mm und groesser / presse | C27: POVT3522 | D27: Prestabo-T-Stück 35 x 22 x 35mm | E27: Stahl unlegiert,verzinkt, Pressanschluss | F27: 13 | G27: 10.51 | H27: 153 | I27: 7020900558932 | K27: nein
A28: daemmung | C28: COFPUP3520 | D28: CONEL FLEX PUR Isolierschale, 50% | E28: 35x20mm, mit PVC Mantel, 1m | F28: 30 | G28: 5.76 | H28: 149 | I28: 1020141020000 | K28: nein
A29: rohr | C29: CUS281H | D29: Kupferrohr Sanco-DVGW EN 1057 28 x 1.0mm | E29: halbhart in Stangen R250 | F29: 10 | G29: 13.71 | H29: 143 | I29: 1011960281000 | K29: nein
A30: daemmung | C30: CLALUEND20 | D30: Position gesperrt. Alu Endmanschettenband 20mm | E30: blank Rolle a 10m | F30: 14 | G30: 21.85 | H30: 126 | I30: 1005060450020 | K30: nein
A31: formteil | B31: connect-inox / 22-28mm / gewinde | C31: COCIUS2825ANL | D31: CONNECT INOX HEAT Übergangsstück | E31: 28 x 1" AG 1.4307 CONEL | F31: 17 | G31: 6.92 | H31: 126 | I31: 7085472283000 | J31: OptiSteel simplesta SH V Übergangsstück AG, d = 28 x R 1 | K31: ja
A32: formteil | B32: uponor-mlc / ohne Mass / gewinde | C32: UCUEK1615N | D32: Übergang Uponor auf Kupfer S-Press PLUS | E32: MLC U 16 x 15 Cu | F32: 17 | G32: 7.08 | H32: 125 | I32: 1029201070615 | J32: Uponor Übergang auf Kupfer S-Press PLUS 16-15CU | K32: ja
A33: formteil | B33: gewinde-schwarz / 1" und groesser / gewinde | C33: NIPS2515 | D33: Rohrdoppelnippel Nr.23 1" x 150mm | E33: schwarz | F33: 60 | G33: 1.01 | H33: 118 | I33: 0000100322582 | K33: nein
A34: ungeklaert | C34: BMPMMEK10 | D34: Bördeladapter mit Messingmutter 3/8" | E34: mit Edelstahlkonus für Kälteanlagen | F34: 4 | G34: 30.18 | H34: 112 | I34: 2021521200038 | K34: nein
A35: daemmung | C35: COFALUK100 | D35: Alu-Klebeband CONEL 100mm breit | E35: Rolle a 100m | F35: 4 | G35: 17.45 | H35: 106 | I35: 2029840000043 | K35: nein
A36: schelle_zubehoer | C36: CSBLTH200 | D36: COSMO Tauchhülse DN15 L=200mm | E36: Messing vernickelt | F36: 8 | G36: 30.45 | H36: 82 | I36: 2023230979902 | K36: nein
A37: ventil | C37: ESBM3020MVN | D37: ESBE Brauchwassermischer Serie VTA322 | E37: 35-60 Grad mit Verschraubung 3/4" AG | F37: 1 | G37: 182.41 | H37: 75 | I37: 7076131400100 | K37: nein
A38: ungeklaert | C38: WFREN1603 | D38: Wickelfalzrohr verzinkt DN 160 | E38: nach DIN EN 12237 Länge 3 Meter | F38: 3 | G38: 10.34 | H38: 72 | I38: 2029415200300 | K38: nein
A39: ungeklaert | C39: CTG12 | D39: COSMO TW-Ausdehnungsgefäss 12 Ltr. weiss | E39: VD 4,0 bar, Btr.druck 10 bar durchströmt | F39: 1 | G39: 103.11 | H39: 71 | I39: 7008200024349 | K39: nein
A40: formteil | B40: gewinde-schwarz / 1" und groesser / gewinde | C40: 130S32 | D40: T-Stueck Nr.130 1 1/4" | E40: schwarz | F40: 20 | G40: 2.64 | H40: 69 | I40: 7075413300000 | J40: T-Stück Nr. 130, schwarz DN 25 (R 1) mit 3 I-Gewinden | K40: ja
A41: ungeklaert | C41: BMPMMEK16 | D41: Bördeladapter mit Messingmutter 5/8" | E41: mit Edelstahlkonus für Kälteanlagen | F41: 2 | G41: 51.34 | H41: 68 | I41: 2021521300058 | K41: nein
A42: formteil | B42: uponor-mlc / ohne Mass / gewinde | C42: UCUEK2018N | D42: Uebergang auf Kupfer MLC Uponor PLUS | E42: U 20 x 18 Cu zum Pressen | F42: 6 | G42: 16.93 | H42: 61 | I42: 1012223020018 | K42: nein
A43: daemmung | C43: COFW3520 | D43: CONEL FLEX WOOL Isolierschale, 50% | E43: 35x20mm, mit alukaschierter Folie, 1m | F43: 14 | G43: 2.02 | H43: 60 | I43: 1029988999086 | K43: nein
A44: formteil | B44: maxipro-kupfer / bis 3/4" / presse | C44: BMPB10 | D44: Bogen 90° B Maxipro 3/8" i/i | E44: Kupfer für Kälteanlagen | F44: 5 | G44: 11.25 | H44: 52 | I44: 2021511290038 | K44: nein
A45: ungeklaert | C45: FPAT252550II | D45: TRINNITY flex. Panzerschlauch f. Heizung | E45: Trinkwasser 1" IG x 1" IG, 500 mm | F45: 2 | G45: 29.47 | H45: 50 | I45: 1016302003711 | K45: nein
A46: formteil | B46: connect-inox / 22-28mm / gewinde | C46: COCIUS2832ANL | D46: CONNECT INOX HEAT Übergangsstück | E46: 28 x 1 1/4" AG 1.4307 CONEL | F46: 5 | G46: 6.92 | H46: 47 | I46: 7085472283000 | J46: OptiSteel simplesta SH V Übergangsstück AG, d = 28 x R 1 | K46: ja
A47: formteil | B47: prestabo-stahl / 35mm und groesser / presse | C47: POVT3515 | D47: Prestabo-T-Stück 35 x 15 x 35mm | E47: Stahl unlegiert,verzinkt, Pressanschluss | F47: 4 | G47: 10.51 | H47: 46 | I47: 7020900558932 | K47: nein
A48: formteil | B48: gewinde-schwarz / 1" und groesser / gewinde | C48: NIPS2510 | D48: Rohrdoppelnippel Nr.23 1" x 100mm | E48: schwarz | F48: 31 | G48: 1.01 | H48: 46 | I48: 0000100322582 | K48: nein
A49: formteil | B49: rotguss-gewinde / 1" und groesser / gewinde | C49: 3530326R | D49: Langnippel Rotguss | E49: 1 1/4" x 60mm 3530 | F49: 4 | G49: 4.56 | H49: 45 | I49: 1014036306000 | J49: Doppelnippel aus RG/CuSi blank DN 25 (R 1) x 60 mm, Mode | K49: ja
A50: formteil | B50: gewinde-schwarz / 1" und groesser / gewinde | C50: NIPS2512 | D50: Rohrdoppelnippel Nr.23 1" x 120mm | E50: schwarz | F50: 26 | G50: 1.01 | H50: 44 | I50: 0000100322582 | K50: nein
A51: formteil | B51: connect-inox / 35mm und groesser / presse | C51: COCIRS3522NL | D51: CONNECT INOX HEAT Reduzierstück 35x22mm | E51: 1.4307 CONEL | F51: 12 | G51: 5.89 | H51: 41 | I51: 7085941351000 | K51: nein
A52: formteil | B52: rotguss-gewinde / 1" und groesser / gewinde | C52: 3530204R | D52: Langnippel Rotguss | E52: 3/4" x 40mm 3530 | F52: 16 | G52: 3.31 | H52: 39 | I52: 1014036304000 | J52: Doppelnippel aus RG/CuSi blank DN 25 (R 1) x 40 mm, Mode | K52: ja
A53: formteil | B53: unbekanntes_system / 22-28mm / gewinde | C53: ISIV2520AT | D53: Anschlussverschraubung T110 25x3/4" AG | E53: Isiflo Messing Wasser | F53: 2 | G53: 30.57 | H53: 38 | I53: 0631110032300 | K53: nein
A54: rohr | C54: CUS15H | D54: Kupferrohr Sanco-DVGW EN 1057 15 x 1.0mm | E54: halbhart in Stangen R250 | F54: 5 | G54: 6.47 | H54: 37 | I54: 1011960150000 | J54: IG5 SANCO-Kupferrohr blank nach EN 1057 halbhart, 15 x 1 | K54: ja
A55: ventil | C55: KKVV1K | D55: Kermi Kv-Einsatz V1K | E55: f.Ventile Einbauzeitraum von 1991-1993 | F55: 1 | G55: 11.39 | H55: 36 | I55: 1036826300000 | K55: nein
A56: ungeklaert | C56: FPAT1820100IA | D56: TRINNITY flex. Panzerschlauch f. Heizung | E56: Trinkwasser 3/4" IG x 3/4" AG, 1000 mm | F56: 1 | G56: 28.11 | H56: 34 | I56: 1016302002614 | K56: nein
A57: rohr | C57: SPPR50100 | D57: Silent PP Rohr DN 50 mit 1 Muffe | E57: Länge 1000mm Geberit | F57: 10 | G57: 3.84 | H57: 33 | I57: 1009100050100 | K57: nein
A58: formteil | B58: uponor-mlc / ohne Mass / gewinde | C58: UCUEK2022N | D58: Übergang Uponor auf Kupfer S-Press PLUS | E58: MLC U 20 x 22 Cu | F58: 4 | G58: 9.54 | H58: 31 | I58: 1029201070617 | J58: Uponor Übergang auf Kupfer S-Press PLUS 20-22CU | K58: ja
A59: formteil | B59: maxipro-kupfer / 1" und groesser / presse | C59: BMPB1645 | D59: Bogen 45° B Maxipro 5/8" i/i | E59: Kupfer für Kälteanlagen | F59: 3 | G59: 11.25 | H59: 31 | I59: 2021511045058 | K59: nein
A60: sonstiges | C60: VALL2409 | D60: VALL ISO-Bogen EPE/160/90 | E60: inkl. Verbinder, DN 160, 90 Grad | F60: 1 | G60: 17.37 | H60: 29 | I60: 1015165885205 | K60: nein
A61: formteil | B61: connect-inox / 35mm und groesser / presse | C61: COCIT3515INL | D61: CONNECT INOX HEAT T-Stück 35x1/2"x35mm | E61: 1.4307 CONEL | F61: 4 | G61: 14.55 | H61: 29 | I61: 7085929351000 | K61: nein
A62: formteil | B62: rotguss-gewinde / 1" und groesser / gewinde | C62: 32413215 | D62: Reduzierstueck Rotguss 1 1/4" x 1/2" | E62: 3241 | F62: 4 | G62: 5.93 | H62: 27 | I62: 1014200447984 | K62: nein
A63: formteil | B63: rotguss-gewinde / 1" und groesser / gewinde | C63: 32453225 | D63: Doppelnippel Rotguss 1 1/4" x 1" | E63: 3245 | F63: 4 | G63: 6.14 | H63: 27 | I63: 1014057430000 | K63: nein
A64: formteil | B64: rotguss-gewinde / 1" und groesser / gewinde | C64: 3530158R | D64: Langnippel Rotguss 1/2" x 80mm | E64: 3530 | F64: 6 | G64: 7.2 | H64: 26 | I64: 1014036308000 | J64: Doppelnippel aus RG/CuSi blank DN 25 (R 1) x 80 mm, Mode | K64: ja
A65: ungeklaert | C65: CCLSTS8120 | D65: Stockschraube KLICK M8x120 | E65: I-Stern galv. verz. CONEL | F65: 100 | G65: 0.47 | H65: 25 | I65: 1015115110000 | K65: nein
A66: ungeklaert | C66: FPAT182050II | D66: TRINNITY flex. Panzerschlauch f. Heizung | E66: Trinkwasser 3/4" IG x 3/4" IG, 500mm | F66: 1 | G66: 19.5 | H66: 23 | I66: 1016302003611 | K66: nein
A67: ungeklaert | C67: CCLSTS8100 | D67: Stockschraube KLICK M8x100 | E67: I-Stern galv. verz. CONEL | F67: 100 | G67: 0.47 | H67: 23 | I67: 1015115110000 | K67: nein
A68: ventil | C68: OTSSV32 | D68: Oberteil m.Handrad 1 1/4" messing | E68: f.Durchgangsventile | F68: 1 | G68: 83.56 | H68: 22 | I68: 0897342032400 | K68: nein
A69: ungeklaert | C69: COFEL2813 | D69: CONEL FLEX EL Schlauchisolierung 50% | E69: 28 x 13mm ungeschl. Länge: 2m | F69: 12 | G69: 4.05 | H69: 20 | I69: 1005021035020 | K69: nein
A70: sonstiges | C70: SPPB5088 | D70: Bogen Silent PP DN 50 87,5 Grad m.Muffe | E70: Geberit | F70: 9 | G70: 2.97 | H70: 16 | I70: 1009505050088 | K70: nein
A71: formteil | B71: gewinde-schwarz / 1" und groesser / gewinde | C71: 241S3215 | D71: Reduzierstueck Nr.241 1 1/4" x 1/2" | E71: schwarz | F71: 10 | G71: 2.54 | H71: 16 | I71: 1012561410000 | K71: nein
A72: sonstiges | C72: WFBD16090 | D72: Bogen gepresst Wickelfalz vz.DN 160 | E72: 90 Grad m.Dichtung | F72: 2 | G72: 17.69 | H72: 15 | I72: 7085907540000 | K72: nein
A73: formteil | B73: uponor-mlc / 25-32mm / gewinde | C73: UCPW2520N | D73: Winkelnippel Uponor S-Press PLUS | E73: MLC 25 x 3/4" AG 90 Grad | F73: 1 | G73: 16.39 | H73: 15 | I73: 1029201070536 | K73: nein
A74: ventil | C74: CASSV156 | D74: Solar-Sicherheitsventil 1/2"x6 bar | E74: einsetzbar bis 160 Grad verchromt | F74: 1 | G74: 21.81 | H74: 14 | I74: 7079056106000 | K74: nein
A75: formteil | B75: uponor-mlc / 25-32mm / presse | C75: UCPTR252020N | D75: T-Stück Uponor reduziert S-Press PLUS | E75: MLC 25 x 20 x 20mm | F75: 1 | G75: 9.64 | H75: 14 | I75: 7074001063938 | K75: nein
A76: formteil | B76: connect-inox / 22-28mm / presse | C76: COCIT2822NL | D76: CONNECT INOX HEAT T-Stück 28x22x28mm | E76: 1.4307 CONEL | F76: 2 | G76: 8.65 | H76: 12 | I76: 7085930280000 | K76: nein
A77: formteil | B77: rotguss-gewinde / bis 3/4" / gewinde | C77: 309220 | D77: Winkel Rotguss i/a 90 Grad 3/4" | E77: 3092 | F77: 3 | G77: 5.31 | H77: 11 | I77: 1014053300000 | J77: Winkel aus RG/CuSi Nr.3092 R 1, mit I/A-Gewinde | K77: ja
A78: formteil | B78: unbekanntes_system / 1" und groesser / gewinde | C78: PV25I | D78: Pumpenverschraubung 1" x 1 1/2" IG | E78: Temperguss m.Dichtung f.Heizungspumpen | F78: 3 | G78: 7.54 | H78: 9 | I78: 1012931300000 | K78: nein
A79: formteil | B79: connect-inox / 35mm und groesser / presse | C79: COCIRS3528NL | D79: CONNECT INOX HEAT Reduzierstück 35x28mm | E79: 1.4307 CONEL | F79: 2 | G79: 5.89 | H79: 8 | I79: 7085941351000 | K79: nein
A80: formteil | B80: prestabo-stahl / 22-28mm / presse | C80: POVT2815 | D80: Prestabo-T-Stück 28 x 15 x 28mm | E80: Stahl unlegiert,verzinkt, Pressanschluss | F80: 1 | G80: 7.24 | H80: 8 | I80: 7020900558918 | K80: nein
A81: formteil | B81: rotguss-gewinde / 1" und groesser / gewinde | C81: 35301515R | D81: Langnippel Rotguss | E81: 1/2" x 150mm 3530 | F81: 1 | G81: 13.44 | H81: 8 | I81: 1014036315000 | K81: nein
A82: daemmung | C82: COFW2220 | D82: CONEL FLEX WOOL Isolierschale 100% | E82: 22x22mm, mit alukaschierter Folie, 1m | F82: 2 | G82: 2.02 | H82: 8 | I82: 1029988999086 | K82: nein
A83: rohr | C83: SPPR50200 | D83: Silent PP Rohr DN 50 mit 1 Muffe | E83: Länge 2000mm Geberit | F83: 2 | G83: 7.89 | H83: 7 | I83: 1009100050200 | K83: nein
A84: formteil | B84: connect-inox / 22-28mm / gewinde | C84: COCIUS2820ANL | D84: CONNECT INOX HEAT Übergangsstück | E84: 28 x 3/4" AG 1.4307 CONEL | F84: 1 | G84: 6.92 | H84: 7 | I84: 7085472283000 | J84: OptiSteel simplesta SH V Übergangsstück AG, d = 28 x R 1 | K84: ja
A85: ungeklaert | C85: HVAA2020 | D85: Hummel Verlängerung 30 mm G 3/4" IG x | E85: G 3/4" AG | F85: 1 | G85: 3.73 | H85: 7 | I85: 1016358447311 | K85: nein
A86: formteil | B86: rotguss-gewinde / bis 3/4" / gewinde | C86: 309020 | D86: Winkel Rotguss i/i 90 Grad 3/4" | E86: 3090 | F86: 2 | G86: 7.13 | H86: 7 | I86: 1014011210000 | K86: nein
A87: ungeklaert | C87: CODA1005087 | D87: CONEL DRAIN Abzweig DN 100x50 87 Grad | F87: 1 | G87: 18.21 | H87: 6 | I87: 1009023100000 | K87: nein
A88: formteil | B88: rotguss-gewinde / 1" und groesser / gewinde | C88: 3530156R | D88: Langnippel Rotguss 1/2" x 60mm | E88: 3530 | F88: 2 | G88: 4.56 | H88: 6 | I88: 1014036306000 | J88: Doppelnippel aus RG/CuSi blank DN 25 (R 1) x 60 mm, Mode | K88: ja
A89: ungeklaert | C89: CODA705087 | D89: CONEL DRAIN Abzweig DN 70x50 87 Grad | F89: 1 | G89: 14.67 | H89: 5 | I89: 1009022009000 | K89: nein
A90: formteil | B90: gewinde-schwarz / 1" und groesser / gewinde | C90: 241S3225 | D90: Reduzierstueck Nr.241 1 1/4" x 1" | E90: schwarz | F90: 2 | G90: 1.52 | H90: 2 | I90: 1012561430000 | K90: nein
A91: formteil | B91: b-press-kupfer / bis 18mm / gewinde | C91: SPUS1515 | D91: Uebergangsstueck Sanpress/Profipress | E91: 15mm x 1/2"AG, Rotguss,m.Pressanschluss | F91: 1 | G91: 6.57 | H91: 2 | I91: 1016361180000 | K91: nein
A92: schelle_zubehoer | C92: SCHLSCH2032 | D92: Schlauchschelle Stahl 20-32mm | E92: f.Schlauchgr. Gummi 3/4" | F92: 1 | G92: 0.96 | H92: 0 | I92: 1016735200000 | K92: nein
